{
  "scales": {
    "micro": {
      "peak_freq_hz": 0.585,
      "peak_period_s": 1.71,
      "peak_prominence_db": 7.1,
      "modulation_depth": 0.897
    },
    "meso": {
      "peak_freq_hz": 0.01,
      "peak_period_s": 100.0,
      "peak_prominence_db": 8.8,
      "modulation_depth": 0.198
    },
    "macro": {
      "peak_freq_hz": 0.0035,
      "peak_period_s": 286.43,
      "peak_prominence_db": 2.6,
      "modulation_depth": 0.276
    }
  },
  "spectra": {
    "micro": {
      "freq_hz": [
        0.5,
        0.54082,
        0.58498,
        0.63275,
        0.68441,
        0.74029,
        0.80073,
        0.86611,
        0.93683,
        1.01332,
        1.09606,
        1.18555,
        1.28235,
        1.38705,
        1.5003,
        1.6228,
        1.7553,
        1.89862,
        2.05364,
        2.22132,
        2.40269,
        2.59887,
        2.81106,
        3.04058,
        3.28884,
        3.55737,
        3.84783,
        4.162,
        4.50183,
        4.8694,
        5.26698,
        5.69702,
        6.16218,
        6.66531,
        7.20953,
        7.79818,
        8.4349,
        9.1236,
        9.86853,
        10.67429,
        11.54583,
        12.48854,
        13.50822,
        14.61115,
        15.80414,
        17.09453,
        18.49029,
        20.0
      ],
      "power": [
        0.24484694374681032,
        0.22605135729307577,
        0.3400342993754798,
        0.28808562694123097,
        0.28808562694123097,
        0.24474818916893049,
        0.16979814639959112,
        0.1497631781655729,
        0.15124185319572,
        0.13732698074736902,
        0.13181879603159924,
        0.13704655130272206,
        0.13807361285966813,
        0.11802804881206672,
        0.10392573969979141,
        0.11914827712829494,
        0.0957988349620294,
        0.12672999801154294,
        0.10933052631129829,
        0.09400408922276053,
        0.07085595378201152,
        0.06634697392231449,
        0.06318330802100029,
        0.07466902598257887,
        0.06733534420537424,
        0.07885201426652874,
        0.058574153860698024,
        0.06338445576385411,
        0.055937888649560646,
        0.05456195843041759,
        0.05210683359427154,
        0.03206323831203367,
        0.05376533418772885,
        0.03700620196197479,
        0.03992522353180952,
        0.026744536664647073,
        0.02303318569685459,
        0.029473138362597105,
        0.020850963933520816,
        0.019503250794144507,
        0.024654414021647347,
        0.02993484957969389,
        0.02544047880572369,
        0.015980610986636373,
        0.011078599393080039,
        0.027461337847670485,
        0.01291486937205759,
        0.012063817424830835
      ]
    },
    "meso": {
      "freq_hz": [
        0.01,
        0.01087,
        0.01181,
        0.01284,
        0.01395,
        0.01516,
        0.01648,
        0.01791,
        0.01946,
        0.02115,
        0.02299,
        0.02498,
        0.02715,
        0.02951,
        0.03207,
        0.03485,
        0.03788,
        0.04116,
        0.04474,
        0.04862,
        0.05284,
        0.05743,
        0.06241,
        0.06783,
        0.07372,
        0.08011,
        0.08707,
        0.09462,
        0.10284,
        0.11176,
        0.12146,
        0.13201,
        0.14346,
        0.15592,
        0.16945,
        0.18416,
        0.20014,
        0.21751,
        0.23639,
        0.25691,
        0.27921,
        0.30345,
        0.32978,
        0.35841,
        0.38952,
        0.42332,
        0.46007,
        0.5
      ],
      "power": [
        0.9464126739369045,
        0.31805743463357417,
        0.32128428746675053,
        0.12916230107818663,
        0.22112047008885674,
        0.2338346794664129,
        0.1683673865283724,
        0.12700148107068507,
        0.13244189019321123,
        0.2817241590382418,
        0.44132616296674665,
        0.4315583379656828,
        0.2321972352847247,
        0.298276948928216,
        0.3701029961986404,
        0.3411866744020026,
        0.09681995625910762,
        0.06668943822705509,
        0.04293998615838817,
        0.29368757698382714,
        0.021873416836036115,
        0.2235593376276878,
        0.0556097968206827,
        0.03948658659438868,
        0.05781553667552944,
        0.1456969312472471,
        0.0800476070059076,
        0.17648453967173025,
        0.08320936844761098,
        0.12252418066875152,
        0.04525477746280056,
        0.1830918336469629,
        0.3997620227507744,
        0.10767023929304773,
        0.12345112885812844,
        0.13519232977057485,
        0.17365062592774458,
        0.031215931204177327,
        0.04811698720687599,
        0.049968433122461284,
        0.013334374098540408,
        0.09545642346032243,
        0.005241170931603556,
        0.006928222986471985,
        0.002949889486721584,
        0.017201102002305534,
        0.013115394938822657,
        0.013886793695808372
      ]
    },
    "macro": {
      "freq_hz": [
        0.00272,
        0.0028,
        0.00288,
        0.00296,
        0.00304,
        0.00313,
        0.00321,
        0.0033,
        0.0034,
        0.00349,
        0.00359,
        0.00369,
        0.00379,
        0.0039,
        0.00401,
        0.00412,
        0.00424,
        0.00436,
        0.00448,
        0.00461,
        0.00473,
        0.00487,
        0.005,
        0.00514,
        0.00529,
        0.00544,
        0.00559,
        0.00575,
        0.00591,
        0.00607,
        0.00625,
        0.00642,
        0.0066,
        0.00679,
        0.00698,
        0.00717,
        0.00737,
        0.00758,
        0.00779,
        0.00801,
        0.00824,
        0.00847,
        0.00871,
        0.00895,
        0.0092,
        0.00946,
        0.00973,
        0.01
      ],
      "power": [
        13.057962332385726,
        11.556302017890788,
        11.556302017890788,
        11.556302017890788,
        11.556302017890788,
        11.556302017890788,
        11.556302017890788,
        11.556302017890788,
        11.556302017890788,
        20.824076177660178,
        20.824076177660178,
        20.824076177660178,
        20.824076177660178,
        20.824076177660178,
        20.824076177660178,
        11.270647208520389,
        11.270647208520389,
        11.270647208520389,
        11.270647208520389,
        11.270647208520389,
        11.270647208520389,
        1.3606514821570144,
        1.3606514821570144,
        1.3606514821570144,
        1.3606514821570144,
        1.3606514821570144,
        17.157988580505524,
        17.157988580505524,
        17.157988580505524,
        17.157988580505524,
        13.170902357376859,
        13.170902357376859,
        13.170902357376859,
        13.170902357376859,
        2.771934423715308,
        2.771934423715308,
        2.771934423715308,
        7.229104266531552,
        7.229104266531552,
        7.229104266531552,
        11.341822138201188,
        11.341822138201188,
        11.341822138201188,
        10.698373120562167,
        10.698373120562167,
        10.698373120562167,
        6.576525373534446,
        6.576525373534446
      ]
    }
  }
}